{"Pregnancies": [-6.5, 13.5], "Glucose": [37.125, 202.125], "BloodPressure": [35.0, 107.0], "SkinThickness": [-48.0, 80.0], "Insulin": [-190.875, 318.125], "BMI": [13.35, 50.550000000000004], "DiabetesPedigreeFunction": [-0.32999999999999996, 1.2], "Age": [-1.5, 66.5], "Outcome": [-1.5, 2.5]}